barcode,cdr3,reads,v_gene,j_gene
AAACGGGGTCAGAAGC-1,CASSQDLALAYNEQFF,3110,TRBV4-2,TRBJ2-1
AAAGTAGAGGGATCTG-1,CASSATDSYNEQFF,5622,TRBV2,TRBJ2-1
AAATGCCTCACCACCT-1,CASRTVGDTGELFF,5568,TRBV6-5,TRBJ2-2
AACGTTGAGGTAGCTG-1,CASSLTRFTEAFF,10344,TRBV7-3,TRBJ1-1
AACTCTTGTTACTGAC-1,CASSLGGSGSIQETQYF,8061,TRBV5-1,TRBJ2-5
AACTGGTTCATTGCCC-1,CAWTLDRFSEKLFF,6794,TRBV30,TRBJ1-4
AACTGGTTCCAGGGCT-1,CASSFSSYEQYF,5035,TRBV27,TRBJ2-7
AACTGGTTCCGCGTTT-1,CASSGPNTEAFF,6194,TRBV9,TRBJ1-1
AAGACCTGTGTTTGTG-1,CASSAPINTGELFF,3724,TRBV9,TRBJ2-2
AAGCCGCAGGCCATAG-1,CASSSNQIYTDTQYF,4858,TRBV28,TRBJ2-3
AAGGTTCCACCACGTG-1,CATSDASDFQETQYF,6806,TRBV24-1,TRBJ2-5
AAGTCTGAGATGCCTT-1,CASSEVVRVYNEQFF,6381,TRBV2,TRBJ2-1
AAGTCTGCAAGTCATC-1,CSASPQAGAGNTIYF,3306,TRBV20-1,TRBJ1-3
AATCCAGTCCAGTATG-1,CASSFRVAVPDTQYF,12781,TRBV27,TRBJ2-3
AATCGGTCAAGGGTCA-1,CATAGPYNEQFF,3318,TRBV24-1,TRBJ2-1
AATCGGTCACCAGGTC-1,CASSSSREQYF,14066,TRBV11-1,TRBJ2-7
ACACCCTCACAGATTC-1,CASSEASGTSGNEQFF,8998,TRBV6-1,TRBJ2-1
ACACCCTCAGGTGGAT-1,CSVATGGTEAFF,4554,TRBV29-1,TRBJ1-1
ACACCGGCACTACAGT-1,CASSFRLAGGDTQYF,9424,TRBV11-2,TRBJ2-3
ACACTGAGTAGGCATG-1,CSARDSAGEATEAFF,6830,TRBV20-1,TRBJ1-1
ACAGCCGGTCCAAGTT-1,CSARDPGRNTGELFF,3242,TRBV20-1,TRBJ2-2
ACATACGGTAAGTGTA-1,CASRTVGDTGELFF,6064,TRBV6-5,TRBJ2-2
ACATGGTTCATCACCC-1,CASSLRGDLQMDTQYF,8607,TRBV9,TRBJ2-3
ACCGTAAGTATTCTCT-1,CASSPGGKASTDTQYF,5027,TRBV9,TRBJ2-3
ACCGTAATCTCAACTT-1,CASSQGTGGGYGYTF,2354,TRBV5-6,TRBJ1-2
ACCTTTAAGATCCTGT-1,CATAGPYNEQFF,3907,TRBV24-1,TRBJ2-1
ACGAGCCCAGCTCGCA-1,CASSLDERTKYNEQFF,12821,TRBV5-1,TRBJ2-1
ACGATACCATTAGCCA-1,CASSPPPGQGTEQYF,4485,TRBV18,TRBJ2-7
ACGATGTAGGCGCTCT-1,CASSLSGGSYGYTF,3884,TRBV5-4,TRBJ1-2
ACGATGTGTGTGTGCC-1,CASRAGTGAPNGYTF,6039,TRBV28,TRBJ1-2
ACGCCAGGTCTTCAAG-1,CSARDSSDVDEQFF,2435,TRBV20-1,TRBJ2-1
ACGCCAGTCCGTACAA-1,CASSQLLAGGPGAETQYF,2981,TRBV3-1,TRBJ2-5
ACGCCGAAGTGGGCTA-1,CASSPSNSPLHF,10255,TRBV9,TRBJ1-6
ACGGAGAAGACTGTAA-1,CASSSSREQYF,8944,TRBV11-1,TRBJ2-7
ACGGCCACAGCTTAAC-1,CASSQDSGVTGAYEQYF,2769,TRBV3-1,TRBJ2-7
ACGGGCTAGATGTTAG-1,CASRTVGDTGELFF,2364,TRBV6-5,TRBJ2-2
ACGGGTCCATGACGGA-1,CASSLGRGQYF,5930,TRBV5-1,TRBJ2-7
ACGGGTCTCTTTCCTC-1,CASTDYSNQPQHF,492,TRBV19,TRBJ1-5
ACGTCAACACCTATCC-1,CASSIGPPNSGNTIYF,3150,TRBV9,TRBJ1-3
ACTATCTTCTCATTCA-1,CASSESTSGGYEQFF,2426,TRBV10-1,TRBJ2-1
ACTGAACGTCGACTAT-1,CASSLGSYEQYF,2942,TRBV28,TRBJ2-7
ACTGAGTAGCGTTCCG-1,CASSSRSSRERETQYF,8821,TRBV11-1,TRBJ2-5
ACTGATGGTCCAGTGC-1,CASSPSNSPLHF,4722,TRBV9,TRBJ1-6
ACTGCTCGTTCTCATT-1,CASRTVGDTGELFF,3311,TRBV6-5,TRBJ2-2
ACTTACTAGGAATCGC-1,CASSRGQETQYF,2812,TRBV6-5,TRBJ2-5
ACTTACTCAATAACGA-1,CASSSAPAGELYEQYF,6285,TRBV5-1,TRBJ2-7
ACTTGTTCAGTCGATT-1,CSARRLDVNYGYTF,4890,TRBV20-1,TRBJ1-2
ACTTTCAGTAGTAGTA-1,CASRSREQNGELFF,26067,TRBV5-1,TRBJ2-2
AGAGCGATCAGCTCGG-1,CASGGLETDTQYF,3692,TRBV2,TRBJ2-3
AGAGCGATCGTACCGG-1,CASSLSDSTLHF,2869,TRBV4-1,TRBJ1-6
AGAGCTTAGAGCAATT-1,CASSFRVAVPDTQYF,4033,TRBV27,TRBJ2-3
AGAGCTTCATATGAGA-1,CASSSSREQYF,10162,TRBV11-1,TRBJ2-7
AGAGTGGAGAGATGAG-1,CASSKGPHSGGKNYEQYF,1934,TRBV11-3,TRBJ2-7
AGATTGCGTTGGAGGT-1,CSARDPTGGDEKLFF,6812,TRBV20-1,TRBJ1-4
AGATTGCTCAGATAAG-1,CASSYSESTDTQYF,5886,TRBV6-2,TRBJ2-3
AGCAGCCGTAGGAGTC-1,CASSATDSYNEQFF,5852,TRBV2,TRBJ2-1
AGCCTAAAGAGGTTAT-1,CSAQKGGDYLNYEQYF,18757,TRBV20-1,TRBJ2-7
AGCGTATTCTTACCTA-1,CASRTVGDTGELFF,2838,TRBV6-5,TRBJ2-2
AGCTTGACATCAGTAC-1,CASSRELDLDQNEQFF,8083,TRBV3-1,TRBJ2-1
AGCTTGAGTAAACGCG-1,CASSQGAGWTIQYF,7356,TRBV3-1,TRBJ2-4
AGGGAGTTCTCTGAGA-1,CASSLGLAGVADTQYF,3212,TRBV3-1,TRBJ2-3
AGGGATGCATGGTAGG-1,CASSLAGTGRYGYTF,2965,TRBV5-1,TRBJ1-2
AGGGATGGTACCGTAT-1,CASSSSREQYF,6434,TRBV11-1,TRBJ2-7
AGGTCATAGTCAATAG-1,CASKGLDSYEQYF,1734,TRBV19,TRBJ2-7
AGGTCATTCGTGACAT-1,CAILGEGDHQPQHF,2680,TRBV6-1,TRBJ1-5
AGTAGTCAGCAGACTG-1,CASSLGYEQYF,6487,TRBV5-6,TRBJ2-7
AGTCTTTAGATCGGGT-1,CASSLRLAGYNEQFF,4610,TRBV5-5,TRBJ2-1
AGTGGGAAGTCATCCA-1,CASSLDLGDTQYF,7149,TRBV3-1,TRBJ2-3
ATAAGAGCAGGATTGG-1,CSAILGGRTDTQYF,2964,TRBV20-1,TRBJ2-3
ATAGACCGTCGGCATC-1,CASSGPNTEAFF,864,TRBV9,TRBJ1-1
ATCACGAGTCGCTTTC-1,CASSEVVRVYNEQFF,9445,TRBV2,TRBJ2-1
ATCCACCCAAGAAGAG-1,CASSYSRNQPQHF,2898,TRBV6-5,TRBJ1-5
ATCCGAACAAACAACA-1,CASSLEIILGETQYF,8558,TRBV7-2,TRBJ2-5
ATCTACTAGTGGGCTA-1,CASSIPGLYEQYF,10485,TRBV7-8,TRBJ2-7
ATCTGCCAGGCATGGT-1,CSARGLAEYNEQFF,4465,TRBV20-1,TRBJ2-1
ATGAGGGGTTGTTTGG-1,CSARGELNTEAFF,6507,TRBV20-1,TRBJ1-1
ATGGGAGCACGTAAGG-1,CASSPSNSPLHF,6354,TRBV9,TRBJ1-6
ATTACTCAGTGCCAGA-1,CASSEASGTSGNEQFF,2952,TRBV6-1,TRBJ2-1
ATTATCCGTTTGACTG-1,CASRTVGDTGELFF,9881,TRBV6-5,TRBJ2-2
CAACCAACAGATCTGT-1,CASSETAGRLQETQYF,4148,TRBV9,TRBJ2-5
CAAGATCGTATGAATG-1,CASSYSRGGGARYGYTF,2076,TRBV6-5,TRBJ1-2
CAAGATCTCTAACTCT-1,CASSLIPTGAVGNEQFF,15842,TRBV5-1,TRBJ2-1
CACACAAAGGATGGAA-1,CASSLVQRESDEQYF,19505,TRBV7-8,TRBJ2-7
CACACAAGTAGCACGA-1,CASSRDRDSPLHF,4487,TRBV7-8,TRBJ1-6
CACAGGCGTTGTGGAG-1,CSARPDRNTEAFF,2972,TRBV20-1,TRBJ1-1
CACAGTACAGAGTGTG-1,CASSLRPSGTKFHEQYF,8863,TRBV5-6,TRBJ2-7
CACAGTAGTCCTCTTG-1,CASSSSREQYF,3284,TRBV11-1,TRBJ2-7
CACATTTCATCCGCGA-1,CSAPGEGETQYF,13086,TRBV20-1,TRBJ2-5
CACATTTGTGGTAACG-1,CSAPSGTSYEQYF,7551,TRBV20-1,TRBJ2-7
CACCAGGAGGCATGGT-1,CASRTVGDTGELFF,3382,TRBV6-5,TRBJ2-2
CACCAGGTCAGGTAAA-1,CASSGPNTEAFF,7336,TRBV9,TRBJ1-1
CAGAATCGTCGCATAT-1,CASSEVVRVYNEQFF,1312,TRBV2,TRBJ2-1
CAGAATCGTGACGGTA-1,CATQGADYSNQPQHF,3185,TRBV19,TRBJ1-5
CAGCATAAGAAACCGC-1,CASRTVGDTGELFF,2754,TRBV6-5,TRBJ2-2
CAGCATAAGTGATCGG-1,CASRTVGDTGELFF,457,TRBV6-5,TRBJ2-2
CAGCTAAGTGATGTGG-1,CASSSSREQYF,7605,TRBV11-1,TRBJ2-7
CAGCTGGTCGCATGGC-1,CASSSGRDWGGYTF,4308,TRBV19,TRBJ1-2
CAGGTGCAGACTCGGA-1,CASSQDRSQPQHF,7648,TRBV3-1,TRBJ1-5
CAGTAACAGCCACCTG-1,CASSQEALAGGNEQYF,9476,TRBV4-3,TRBJ2-7
CAGTAACCAGACAAAT-1,CASKLGRPSTDTQYF,5745,TRBV5-4,TRBJ2-3
CATCAAGTCGGATGTT-1,CASSGPNTEAFF,5087,TRBV9,TRBJ1-1
CATCCACGTCAGTGGA-1,CASSQYNEQFF,6640,TRBV5-5,TRBJ2-1
CATGACACAGGAATCG-1,CSAGIGTNTGELFF,19613,TRBV20-1,TRBJ2-2
CATGCCTCAAGACACG-1,CASSATDSYNEQFF,8288,TRBV2,TRBJ2-1
CATGCCTCACGAAGCA-1,CASSSRGQTIGNTIYF,5158,TRBV6-6,TRBJ1-3
CATGCCTTCAGCTCTC-1,CASSPAVGVEETQYF,7240,TRBV5-1,TRBJ2-5
CATGCCTTCCAAGTAC-1,CASSIGRLADTEAFF,3037,TRBV19,TRBJ1-1
CATTCGCGTCACCTAA-1,CSASGPTDTQYF,4995,TRBV20-1,TRBJ2-3
CCACGGACAGCAGTTT-1,CASSLRAFDRGGTEAFF,2194,TRBV5-4,TRBJ1-1
CCACTACAGCCGGTAA-1,CASSSSREQYF,12946,TRBV11-1,TRBJ2-7
CCAGCGACATGTTGAC-1,CASRDQGRVDTQYF,7573,TRBV5-1,TRBJ2-3
CCAGCGATCGCGTTTC-1,CASSPSDYNEQFF,5949,TRBV5-1,TRBJ2-1
CCATGTCTCCGCGGTA-1,CASSPEGVRGPWPGTF,6584,TRBV4-2,TRBJ1-2
CCCAGTTCAGCGTTCG-1,CASSLELGGADIQYF,2311,TRBV5-6,TRBJ2-4
CCCATACGTACCGCTG-1,CASRKVQGAGFTEAFF,4828,TRBV19,TRBJ1-1
CCCTCCTGTTTGACTG-1,CAISDWTSEIYNEQFF,2930,TRBV10-3,TRBJ2-1
CCGGTAGGTACCGGCT-1,CASSLGRPGLYNEQFF,991,TRBV27,TRBJ2-1
CCGTACTGTGCCTTGG-1,CASKQQGSYEQYF,1518,TRBV27,TRBJ2-7
CCGTGGAGTAGCTTGT-1,CATSPGGGNEQFF,1089,TRBV24-1,TRBJ2-1
CCTACCAGTATAGGTA-1,CASRRPTGSEAFF,4605,TRBV6-6,TRBJ1-1
CCTATTATCTTGTCAT-1,CASSPAGAVETQYF,4356,TRBV25-1,TRBJ2-5
CCTCAGTGTACATGTC-1,CASSPISGRLYNEQFF,9797,TRBV3-1,TRBJ2-1
CCTCAGTTCTGGTTCC-1,CASRAGLAGGPHEQYF,5320,TRBV2,TRBJ2-7
CCTTTCTGTCTCAACA-1,CSAKGLAGAEEQYF,5013,TRBV29-1,TRBJ2-7
CCTTTCTGTCTGATTG-1,CASSPGTGGFLGYGYTF,3967,TRBV5-4,TRBJ1-2
CGACCTTAGTCAAGCG-1,CASSQERQMNQPQHF,4981,TRBV4-2,TRBJ1-5
CGACTTCCAGTGAGTG-1,CASSFAYGYTF,5848,TRBV28,TRBJ1-2
CGAGCACTCACTCCTG-1,CATSIRGDTGELFF,3023,TRBV15,TRBJ2-2
CGAGCCACAAGTCATC-1,CASSSSREQYF,2497,TRBV11-1,TRBJ2-7
CGATTGAAGCTACCGC-1,CAWSVEQELFF,1166,TRBV30,TRBJ1-4
CGATTGATCGAATGCT-1,CAWSRSATGELFF,3749,TRBV30,TRBJ2-2
CGCCAAGGTGTAAGTA-1,CASSMGDRVPSQPQHF,967,TRBV19,TRBJ1-5
CGCCAAGTCAACACCA-1,CSARDPRGGPLQETQYF,4113,TRBV20-1,TRBJ2-5
CGCGTTTTCAAAGACA-1,CASSIAHTGGFVAGELFF,2951,TRBV19,TRBJ2-2
CGCTATCGTACTTGAC-1,CASSYKGRAADTQYF,1759,TRBV6-6,TRBJ2-3
CGCTGGAGTTCTCATT-1,CASSQDPSRTAYNEQFF,6444,TRBV4-1,TRBJ2-1
CGCTTCATCAACTCTT-1,CASSLQGRETQYF,1730,TRBV5-1,TRBJ2-5
CGGACACGTCAGTGGA-1,CSASGPTDTQYF,4153,TRBV20-1,TRBJ2-3
CGGACACTCCACTGGG-1,CASRTVGDTGELFF,2759,TRBV6-5,TRBJ2-2
CGGAGTCTCGTTTATC-1,CASSSGVPSYEQYF,7378,TRBV5-5,TRBJ2-7
CGGCTAGGTCATCGGC-1,CATSRDTAESAFF,2691,TRBV15,TRBJ1-1
CGGGTCAAGTGTACGG-1,CASSYGGANQPQHF,3617,TRBV6-5,TRBJ1-5
CGTCACTGTTGGTGGA-1,CSVEDPDRGLYNEQFF,2776,TRBV29-1,TRBJ2-1
CGTCAGGCAACTGGCC-1,CASRTDGQETQYF,2259,TRBV6-5,TRBJ2-5
CGTCCATTCAGTACGT-1,CASSLRPYNEQFF,6028,TRBV6-5,TRBJ2-1
CGTCCATTCGTTACAG-1,CASSSSREQYF,4349,TRBV11-1,TRBJ2-7
CGTCTACCAGCTGGCT-1,CSAKRESYEQYF,1451,TRBV20-1,TRBJ2-7
CGTGAGCTCGGCATCG-1,CASSRGQGGLDEQFF,2621,TRBV3-1,TRBJ2-1
CGTGTAAAGTGCCAGA-1,CASSLRGLPNTGELFF,224,TRBV28,TRBJ2-2
CGTTAGATCAACACTG-1,CASRTVGDTGELFF,4653,TRBV6-5,TRBJ2-2
CTAACTTTCGCTAGCG-1,CASSGPNTEAFF,5100,TRBV9,TRBJ1-1
CTAAGACCACTTAACG-1,CASSATDSYNEQFF,10151,TRBV2,TRBJ2-1
CTAATGGGTGTGCCTG-1,CASSLYGRGSTDTQYF,8886,TRBV7-3,TRBJ2-3
CTACATTAGGCTCAGA-1,CASSPSNSPLHF,3856,TRBV9,TRBJ1-6
CTAGAGTGTCCAGTGC-1,CASSLGYSNQPQHF,3295,TRBV11-2,TRBJ1-5
CTAGCCTAGATTACCC-1,CASSPRTGGEQYF,4314,TRBV7-3,TRBJ2-7
CTCAGAAAGTGGACGT-1,CSVEIQANTGELFF,10506,TRBV29-1,TRBJ2-2
CTCCTAGGTCGCATAT-1,CASSRLHGYTF,7209,TRBV7-3,TRBJ1-2
CTCCTAGTCCCAAGTA-1,CASSQNSGHGGTEAFF,5417,TRBV4-2,TRBJ1-1
CTCGAAAAGGGATGGG-1,CASSRRPPGVEQYF,3051,TRBV11-2,TRBJ2-7
CTCGAAACAGGTTTCA-1,CASSPSNSPLHF,4013,TRBV9,TRBJ1-6
CTCGAAATCCCTTGTG-1,CSVLRDTYGYTF,7527,TRBV20-1,TRBJ1-2
CTCGAGGCAGCCAGAA-1,CASSQYRGDEQFF,4998,TRBV3-1,TRBJ2-1
CTCGGAGGTTAAAGAC-1,CASSGPNTEAFF,5552,TRBV9,TRBJ1-1
CTCGTACAGGAGTTTA-1,CASSATDSYNEQFF,10610,TRBV2,TRBJ2-1
CTCTAATGTGCACGAA-1,CASSSTQRTEQETQYF,7312,TRBV7-8,TRBJ2-5
CTCTAATGTTGGTGGA-1,CSAPTGQPGGQPQHF,2352,TRBV20-1,TRBJ1-5
CTCTACGAGTCGCCGT-1,CSVRTGGNQPQHF,2654,TRBV29-1,TRBJ1-5
CTGAAACCAGGATTGG-1,CSASPRQQTSTDTQYF,12494,TRBV20-1,TRBJ2-3
CTGAAGTGTGTGAATA-1,CASKWTGANTIYF,1480,TRBV12-3,TRBJ1-3
CTGATCCAGATGTGGC-1,CSASPRQQTSTDTQYF,5956,TRBV20-1,TRBJ2-3
CTGCCTACATTGAGCT-1,CASSFRVAVPDTQYF,35745,TRBV27,TRBJ2-3
CTGCGGAGTACTTAGC-1,CASSGPNTEAFF,5124,TRBV9,TRBJ1-1
CTGCTGTCATGACATC-1,CASSIGGLQPQHF,3794,TRBV19,TRBJ1-5
CTGGTCTGTACTCAAC-1,CASSQGRDRETEAFF,2314,TRBV3-1,TRBJ1-1
CTGTGCTGTGTTGGGA-1,CAISGGIANSPLHF,4392,TRBV10-3,TRBJ1-6
CTGTTTAAGACGCAAC-1,CASSLVQRESDEQYF,5240,TRBV7-8,TRBJ2-7
CTTAACTAGATGCCAG-1,CASRTVGDTGELFF,7843,TRBV6-5,TRBJ2-2
CTTAACTAGTGTTAGA-1,CASSLVGRASPEAFF,12249,TRBV5-1,TRBJ1-1
CTTAGGAAGCCATCGC-1,CASSLQGGVTEAFF,625,TRBV5-4,TRBJ1-1
CTTCTCTAGCGTTCCG-1,CSARDPSESIQPQHF,6677,TRBV20-1,TRBJ1-5
CTTCTCTCACCAACCG-1,CASSLYWSGNQPQHF,1150,TRBV5-6,TRBJ1-5
CTTTGCGTCCAAGTAC-1,CASSSSREQYF,6096,TRBV11-1,TRBJ2-7
GAAATGAAGCCACGTC-1,CASSIPGGAVGQPQHF,2812,TRBV19,TRBJ1-5
GAACATCCAGCATGAG-1,CASSSRINEQFF,2737,TRBV5-4,TRBJ2-1
GAACCTATCTCACATT-1,CASSSRINEQFF,6908,TRBV5-4,TRBJ2-1
GAACCTATCTCCGGTT-1,CASSLQEGIGTIYF,2816,TRBV3-1,TRBJ1-3
GACACGCCATGCTGGC-1,CASSPSNSPLHF,5195,TRBV9,TRBJ1-6
GACACGCTCTCGCATC-1,CASSFTGTGTDTQYF,2225,TRBV5-1,TRBJ2-3
GACAGAGAGAGTAAGG-1,CSATQGSWDNEQFF,5115,TRBV29-1,TRBJ2-1
GACCAATCAGCTGTTA-1,CASSLQGDTQYF,1543,TRBV11-3,TRBJ2-3
GACGCGTTCGTTTGCC-1,CASGTSYPDTQYF,2357,TRBV5-4,TRBJ2-3
GACGGCTTCGGGAGTA-1,CASMGGHYGYTF,5627,TRBV2,TRBJ1-2
GACGTGCAGGCTAGAC-1,CASTTGARAEAFF,811,TRBV28,TRBJ1-1
GACGTGCAGTATCTCG-1,CSAPRAGGNTEAFF,2218,TRBV20-1,TRBJ1-1
GACGTTACAGATAATG-1,CASSPGGGGADTQYF,2049,TRBV7-3,TRBJ2-3
GACTAACGTGTTAAGA-1,CSARRGSDTGELFF,3506,TRBV29-1,TRBJ2-2
GACTACACACTACAGT-1,CASSQAYQKGGNIQYF,14756,TRBV4-1,TRBJ2-4
GACTGCGCATCTGGTA-1,CASSYGAPGSSYNEQFF,2474,TRBV6-5,TRBJ2-1
GAGGTGATCATGTAGC-1,CASSSSREQYF,4238,TRBV11-1,TRBJ2-7
GATCGCGAGTAGCGGT-1,CASSTGTVTYNEQFF,2904,TRBV5-4,TRBJ2-1
GATCGTAAGACAGACC-1,CASRTVGDTGELFF,4524,TRBV6-5,TRBJ2-2
GATCTAGAGCATGGCA-1,CASSLGPGRGSYEQYF,3615,TRBV12-3,TRBJ2-7
GATCTAGCAGCATGAG-1,CASSPTSGGVNEQFF,4281,TRBV9,TRBJ2-1
GATCTAGTCCTGCTTG-1,CASSRELDLDQNEQFF,8784,TRBV3-1,TRBJ2-1
GATGAAAAGTTTAGGA-1,CASSLLGQGAWGGTGYTF,690,TRBV28,TRBJ1-2
GATGAAACAACTTGAC-1,CSAREARRANYGYTF,6074,TRBV20-1,TRBJ1-2
GATGAAAGTGCATCTA-1,CASSTGTGDGAFF,2608,TRBV25-1,TRBJ1-1
GATGAGGCATCACAAC-1,CASSLWTPNTEAFF,12447,TRBV28,TRBJ1-1
GATGCTAGTTTGTGTG-1,CASSDSTYEQYF,19682,TRBV7-8,TRBJ2-7
GATGCTATCAGAAATG-1,CASGPGLKYDYGYTF,2847,TRBV27,TRBJ1-2
GCAATCAAGGCTAGAC-1,CSARDSSDVDEQFF,1953,TRBV20-1,TRBJ2-1
GCAATCACAGGTCTCG-1,CASSFDGYGYTF,6177,TRBV28,TRBJ1-2
GCAATCATCACCCGAG-1,CASRAGLSGANVLTF,5113,TRBV6-1,TRBJ2-6
GCAATCATCAGGCGAA-1,CATSIRGDTGELFF,7619,TRBV15,TRBJ2-2
GCAATCATCTGTCTAT-1,CASSIVLTGFNQPQHF,1492,TRBV19,TRBJ1-5
GCACATAGTATGGTTC-1,CASAVSNEQFF,7125,TRBV10-2,TRBJ2-1
GCATGTACAGCTGCTG-1,CASSTSGTTDTQYF,3079,TRBV6-4,TRBJ2-3
GCCTCTATCTCGCTTG-1,CASSRPHTDTQYF,2038,TRBV19,TRBJ2-3
GCGAGAATCCACGAAT-1,CASSYGTEISYEQYF,1299,TRBV6-5,TRBJ2-7
GCGGGTTCAATCCGAT-1,CATSRVEGDYNEQFF,3870,TRBV15,TRBJ2-1
GCTCCTAGTACACCGC-1,CASSVNQGIYGYTF,3507,TRBV9,TRBJ1-2
GCTCTGTCATCGTCGG-1,CASSSPNTNTEAFF,1706,TRBV19,TRBJ1-1
GCTCTGTTCCTCCTAG-1,CASSPGRHENTEAFF,1757,TRBV5-5,TRBJ1-1
GCTGCAGGTTACTGAC-1,CASSATDSYNEQFF,12842,TRBV2,TRBJ2-1
GCTGCTTAGGCGATAC-1,CASSSSREQYF,7745,TRBV11-1,TRBJ2-7
GCTGGGTCAGTCGTGC-1,CSARDPSGGAYNEQFF,6958,TRBV20-1,TRBJ2-1
GGAAAGCAGCTTATCG-1,CASTSGGTNEKLFF,1380,TRBV6-5,TRBJ1-4
GGAAAGCCACATGTGT-1,CASSVDRASEAFF,11925,TRBV9,TRBJ1-1
GGAACTTCAAGTCTGT-1,CASSLARVGLAPKDTQYF,4858,TRBV7-8,TRBJ2-3
GGAACTTGTATTCGTG-1,CASSLSGTSGSYEQFF,1644,TRBV28,TRBJ2-1
GGAACTTTCTTTAGTC-1,CASRTVGDTGELFF,9459,TRBV6-5,TRBJ2-2
GGAATAACACCACCAG-1,CASSFLEAGFSEQFF,1436,TRBV5-8,TRBJ2-1
GGAATAATCATCGCTC-1,CASSGGITYEQYF,5168,TRBV18,TRBJ2-7
GGACAAGTCCCTAATT-1,CASRPQNSLGYSNQPQHF,3189,TRBV6-2,TRBJ1-5
GGACAGACAGATGAGC-1,CASRRQTADPPGANVLTF,8366,TRBV5-1,TRBJ2-6
GGACATTCACCATGTA-1,CSVDRGNSPLHF,5519,TRBV20-1,TRBJ1-6
GGATGTTCACAGTCGC-1,CASSFPRLVSSTDTQYF,6997,TRBV11-1,TRBJ2-3
GGCGTGTCAAGCCCAC-1,CASSLEPLAGGRKF,7692,TRBV5-1,TRBJ2-1
GGCTCGAGTTGATTCG-1,CAIGGNGDEQYF,11077,TRBV10-3,TRBJ2-7
GGCTGGTGTAGCCTCG-1,CSATRTGQETQYF,1756,TRBV20-1,TRBJ2-5
GGGACCTCAAGCCGTC-1,CASSQDYEQYF,9330,TRBV7-9,TRBJ2-7
GGGACCTGTCGAGATG-1,CASSIQRQSPLHF,2804,TRBV19,TRBJ1-6
GGGATGATCACGCATA-1,CASSESSGRDYEQYF,3466,TRBV10-2,TRBJ2-7
GGGTCTGAGTGCGATG-1,CASSGGRGSSYEQYF,4565,TRBV10-1,TRBJ2-7
GGTGCGTAGTCAAGCG-1,CASSYRVPKTGELFF,4415,TRBV6-2,TRBJ2-2
GGTGTTACATCTCCCA-1,CASSPRRGDNYGYTF,10743,TRBV3-1,TRBJ1-2
GGTGTTATCCAAACTG-1,CASSSSREQYF,7345,TRBV11-1,TRBJ2-7
GTAACGTGTTTGACTG-1,CASSERQDSYGYTF,6941,TRBV6-1,TRBJ1-2
GTACTTTGTAGCAAAT-1,CSVGVLARAGELFF,4088,TRBV29-1,TRBJ2-2
GTACTTTTCGGCGCTA-1,CSARDAATSTGELFF,11751,TRBV20-1,TRBJ2-2
GTAGGCCGTAGCGTGA-1,CASSQELAGNTGELFF,7013,TRBV3-1,TRBJ2-2
GTATTCTCATTGGCGC-1,CASSLGGRSGANVLTF,5836,TRBV28,TRBJ2-6
GTCAAGTGTCCGAGTC-1,CASSPWTSGDNEQFF,13988,TRBV4-1,TRBJ2-1
GTCATTTCAAACTGTC-1,CASRSFRGHDVF,6709,TRBV25-1,TRBJ2-7
GTCCTCAGTTGGGACA-1,CSAPDPTPISGGGDTQYF,6009,TRBV20-1,TRBJ2-3
GTCGTAACAAACTGTC-1,CSASSTSGGLYNEQFF,1324,TRBV20-1,TRBJ2-1
GTGCAGCCAAGCGCTC-1,CATSEGRLVPNEQFF,4060,TRBV24-1,TRBJ2-1
GTGTGCGGTTGTCGCG-1,CSVEAAGLQNIQYF,1831,TRBV29-1,TRBJ2-4
GTGTTAGAGAAGGGTA-1,CASSRELDLDQNEQFF,7143,TRBV3-1,TRBJ2-1
GTTAAGCAGTCATGCT-1,CASSGYQYPQYF,2009,TRBV6-1,TRBJ2-7
GTTACAGAGAGGTAGA-1,CASSMSRRGNQPQHF,3747,TRBV19,TRBJ1-5
GTTCATTGTAGTACCT-1,CASSAGGWAGTGFHEQYF,5086,TRBV28,TRBJ2-7
GTTCGGGAGACGCAAC-1,CASRTDKNYGYTF,3817,TRBV6-6,TRBJ1-2
TAAGCGTGTTAGGGTG-1,CASSWGQGTDTQYF,4773,TRBV5-5,TRBJ2-3
TAAGTGCTCACTGGGC-1,CASSGGGTGPTEAFF,5079,TRBV9,TRBJ1-1
TAAGTGCTCGGAGGTA-1,CASSSSREQYF,8610,TRBV11-1,TRBJ2-7
TACCTATTCAAACAAG-1,CASSGTGYSRETQYF,5655,TRBV18,TRBJ2-5
TACGGTACACCCTATC-1,CASSTGQGAGGNTIYF,4523,TRBV9,TRBJ1-3
TACGGTACAGGAATGC-1,CASSQGTVSNQPQHF,9208,TRBV3-1,TRBJ1-5
TACGGTAGTACCCAAT-1,CASSELGVGYYGYTF,2900,TRBV25-1,TRBJ1-2
TACTCGCAGAAGGCCT-1,CSATRTPGRETQYF,3998,TRBV20-1,TRBJ2-5
TACTCGCTCATGTGGT-1,CASSQKGRYQETQYF,13388,TRBV4-1,TRBJ2-5
TACTTGTAGGCTAGGT-1,CASSYGQGRQETQYF,5743,TRBV7-8,TRBJ2-5
TACTTGTGTCGACTGC-1,CASSPGQGAVNEQFF,3653,TRBV4-2,TRBJ2-1
TACTTGTGTTCCGTCT-1,CASSMDGGNTIYF,7722,TRBV5-1,TRBJ1-3
TAGAGCTGTTTAGCTG-1,CASSDRDRGGLTQYF,4538,TRBV6-1,TRBJ2-3
TATCAGGAGTAGCCGA-1,CASGTGGANTGELFF,3335,TRBV27,TRBJ2-2
TATCTCAAGTGACTCT-1,CASSAPINTGELFF,200,TRBV9,TRBJ2-2
TCACAAGGTAGAGGAA-1,CASSPSNSPLHF,4885,TRBV9,TRBJ1-6
TCACAAGGTAGCGCAA-1,CASRWGGASQPQHF,4086,TRBV28,TRBJ1-5
TCACAAGGTGACGCCT-1,CASSPSNSPLHF,14444,TRBV9,TRBJ1-6
TCAGATGGTGATAAGT-1,CSARDGIDNGELFF,10115,TRBV20-1,TRBJ2-2
TCAGCTCTCCTGTACC-1,CASSQSSRRERYEQYF,4423,TRBV14,TRBJ2-7
TCAGGTAGTGATGTGG-1,CASSGFSGQDTGELFF,1885,TRBV25-1,TRBJ2-2
TCATTACCATAGACTC-1,CASSFDTVADTQYF,6567,TRBV5-4,TRBJ2-3
TCATTACGTTAAAGTG-1,CATSDTGGTTEAFF,1206,TRBV24-1,TRBJ1-1
TCATTTGGTCACACGC-1,CASSPPRMTYNEQFF,1739,TRBV6-6,TRBJ2-1
TCCACACCAATCTGCA-1,CASSVAPLGGGDNEQFF,2151,TRBV9,TRBJ2-1
TCCCGATTCTAGCACA-1,CASSSPGLADKETQYF,3739,TRBV9,TRBJ2-5
TCCCGATTCTTACCTA-1,CASSGPNTEAFF,8564,TRBV9,TRBJ1-1
TCGAGGCCATCCTAGA-1,CASSSSREQYF,3002,TRBV11-1,TRBJ2-7
TCGGTAATCACAATGC-1,CASSFVRQGGQPQHF,1537,TRBV28,TRBJ1-5
TCGTAGATCACCCGAG-1,CASSVEERKTGELFF,205,TRBV9,TRBJ2-2
TCTCATAAGTTCGATC-1,CASSFYGSSGANVLTF,2901,TRBV12-4,TRBJ2-6
TCTCTAATCCTACAGA-1,CASSLVQRESDEQYF,12800,TRBV7-8,TRBJ2-7
TCTGAGATCCATTCTA-1,CASSPTTGGTNTEAFF,2949,TRBV4-1,TRBJ1-1
TCTGGAAAGAGTAAGG-1,CAWNRLAADTGELFF,3331,TRBV30,TRBJ2-2
TCTGGAACAGACAAGC-1,CSARTGAGGSSGTQYF,7252,TRBV20-1,TRBJ2-3
TCTGGAATCGGTGTTA-1,CASSGPNTEAFF,2392,TRBV9,TRBJ1-1
TCTTCGGAGACTGGGT-1,CASSLNRADEQYF,3751,TRBV27,TRBJ2-7
TCTTTCCGTGATGATA-1,CASSTKTSGTDTQYF,7491,TRBV5-4,TRBJ2-3
TGAAAGATCAGCCTAA-1,CSVGTGGDTEAFF,1454,TRBV29-1,TRBJ1-1
TGACTAGCAGACAAGC-1,CATQRGSAKNIQYF,7306,TRBV10-2,TRBJ2-4
TGAGAGGCATGTCTCC-1,CASRTVGDTGELFF,10599,TRBV6-5,TRBJ2-2
TGAGAGGGTGTGTGCC-1,CASSATDSYNEQFF,7321,TRBV2,TRBJ2-1
TGAGCATAGACAAAGG-1,CASSNGTGGGHTQYF,4217,TRBV5-1,TRBJ2-3
TGAGGGACACACGCTG-1,CASSQDPGQGASGQYF,12114,TRBV4-1,TRBJ2-7
TGCACCTGTGTAATGA-1,CASSEVVRVYNEQFF,9277,TRBV2,TRBJ2-1
TGCCAAAAGAGAACAG-1,CASSYSSGGLNTEAFF,3933,TRBV6-5,TRBJ1-1
TGCGCAGGTTGGTAAA-1,CASTQGGESGYEQYF,2583,TRBV5-4,TRBJ2-7
TGCTACCGTGTGGCTC-1,CASSPLGETQYF,7173,TRBV18,TRBJ2-5
TGGCTGGAGTGCGATG-1,CASSSSREQYF,3610,TRBV11-1,TRBJ2-7
TGGCTGGTCGGTTCGG-1,CASSGPNTEAFF,5567,TRBV9,TRBJ1-1
TGGGCGTAGCCGCCTA-1,CASSVGGTNTEAFF,3568,TRBV9,TRBJ1-1
TGGGCGTCAGCTATTG-1,CAISERGLGHTDNHGYTF,7916,TRBV10-3,TRBJ1-2
TGGTTCCCATACGCCG-1,CASSPSNSPLHF,7074,TRBV9,TRBJ1-6
TGTATTCGTCGACTGC-1,CASSLVQRESDEQYF,8335,TRBV7-8,TRBJ2-7
TGTCCCAAGCCACTAT-1,CASSDRQANTGELFF,5450,TRBV5-4,TRBJ2-2
TGTCCCACAACTGCTA-1,CASSYQGKVSDVLTF,13159,TRBV5-1,TRBJ2-6
TGTGGTAAGGACACCA-1,CASSSSREQYF,13888,TRBV11-1,TRBJ2-7
TGTGTTTTCCTCGCAT-1,CASSLLGQGAWGGTGYTF,455,TRBV28,TRBJ1-2
TGTTCCGGTGCCTGGT-1,CASSEGLRGYTF,4341,TRBV2,TRBJ1-2
TGTTCCGGTTAGATGA-1,CASRTVGDTGELFF,3987,TRBV6-5,TRBJ2-2
TGTTCCGTCCTAGAAC-1,CSARRGENSYEQYF,6579,TRBV20-1,TRBJ2-7
TTAACTCAGTGGTAGC-1,CASSLQGDTQYF,3326,TRBV11-3,TRBJ2-3
TTAACTCGTATATGGA-1,CASSSSREQYF,3811,TRBV11-1,TRBJ2-7
TTAGTTCAGGTGCACA-1,CASSTPGSNEQFF,8269,TRBV19,TRBJ2-1
TTAGTTCGTCTACCTC-1,CASSGPNTEAFF,2213,TRBV9,TRBJ1-1
TTCTTAGAGAGGTTGC-1,CASSPNSGANVLTF,4148,TRBV7-7,TRBJ2-6
TTCTTAGGTGTGACGA-1,CSASTSGRANTGELFF,6353,TRBV20-1,TRBJ2-2
TTGACTTAGAAAGTGG-1,CASSLNGALGNQPQHF,8012,TRBV6-5,TRBJ1-5
TTGCCGTAGCCTTGAT-1,CASSGPNTEAFF,2071,TRBV9,TRBJ1-1
TTGGAACTCTAACTGG-1,CASSSSREQYF,7271,TRBV11-1,TRBJ2-7
TTGGCAAGTATCGCAT-1,CASSLGQISPLHF,8561,TRBV12-4,TRBJ1-6
TTGTAGGCACTCAGGC-1,CASSEVVRVYNEQFF,11423,TRBV2,TRBJ2-1
TTGTAGGGTAAGAGAG-1,CASSGPNTEAFF,2478,TRBV9,TRBJ1-1
TTTACTGTCCCAAGAT-1,CASSPSNSPLHF,6312,TRBV9,TRBJ1-6
TTTATGCGTCGAATCT-1,CASRAGPNTGELFF,1846,TRBV25-1,TRBJ2-2
TTTATGCGTTCTCATT-1,CATSASTGGDGQNGYTF,784,TRBV24-1,TRBJ1-2
TTTCCTCTCTTGTACT-1,CAWSVIRYNEQFF,3510,TRBV30,TRBJ2-1
TTTGCGCAGGAGCGTT-1,CASSTPGQVTGELFF,1051,TRBV19,TRBJ2-2
TTTGCGCTCCGCGCAA-1,CASSLEASGRGTDTQYF,3096,TRBV11-2,TRBJ2-3
TTTGGTTAGAATGTGT-1,CASSLVQRESDEQYF,7594,TRBV7-8,TRBJ2-7
TTTGGTTTCAACACAC-1,CASTPGTGHNEQFF,7274,TRBV2,TRBJ2-1
